A,B,C,D
-1.2078262779507611,0.4875193589618929,0.4342310990896739,-1.03835526011429
-0.5369554964958174,0.8338741740398303,-1.1169382289432759,-0.8998632892618258
0.3497892965193995,0.9296200659329636,-1.4955012708182382,-1.6843424746199158
-0.806949286789414,1.2480569391396106,-0.7411478611822253,-0.12083698269881604
-1.852328857045901,2.2926957357768503,-2.2641305261005074,-0.6192049945328268
-1.292691336504758,4.623330718150511,-2.834600089395039,-0.23723408262771162
0.3845311166213383,5.406718033197192,-1.7103985674069033,-1.2267838585329165
-0.841058503449349,5.824120291652392,-1.801215180029948,-2.245401104923232
-0.8379661811983771,3.026029359952203,0.3409760666621271,-3.486138174102579
0.8839849329945683,3.2688889026823222,-0.29882968271651267,-3.3621925600379905
0.6533869941476751,5.418391329309032,1.0546896492723206,-1.931436732821965
-1.8609699853198562,7.160167411203872,-0.7026357984824274,-0.46861320321690103
-0.6425254607432955,8.394142448463803,-0.7546775665076931,-1.5861327387325983
-1.8313851553796825,9.651046633628635,-1.2101219249559136,-2.3928091152866218
-2.344852597470955,8.351759161857869,-0.374795303636412,-2.2506342615259234
-2.7374599859307795,7.74912594406858,0.46647800872649403,-0.6679486190337822
-1.9088341594122167,8.806884322859489,-0.23311034639133976,-0.19997058408467444
-1.249041980889169,8.957085315545346,-1.7115286619966912,0.6354712457627976
-0.3844437378112826,11.242954541794141,-3.09235233821559,-0.7630451210251561
-0.8390979508816663,10.70461206217506,-3.188044515071362,-0.8718664770299996
-1.281090518290774,11.30678135473642,-3.5482543188982594,-0.18254630574184627
-0.7255129837972504,11.313557902159683,-3.029797127920355,-1.7352319695288299
-1.2989449574315506,10.399562598849768,-4.542650758557653,0.5717929283000376
-0.883682443979881,9.325908413677945,-4.876772093635307,0.8727960948571667
-0.9184088952095475,8.882065464378162,-3.63204872160654,0.9640217941791904
0.31690237878231997,9.936673333562693,-4.382771618970502,0.7345575211399085
1.8425545005624284,9.899159556864431,-6.115940517649381,1.438642559742318
1.6822330876301483,9.798868117878557,-6.718052296745863,0.7217631943527759
2.050190372414966,10.647105755948768,-5.725607113786394,1.580447614107921
2.124171536781335,11.17741539314742,-4.266262760777274,3.351084233578298
2.4450575779324293,10.673240681458099,-1.898760145053779,2.3924814079399805
2.289221054560006,10.616513091815456,-2.347079509645252,3.712802038605021
2.533123252571844,9.90519098245208,-1.565458133780036,1.85378274468665
3.1293811819567496,11.03888258487601,-1.4896302018301681,2.593706318252833
4.308608858783005,10.864350914599214,-1.2026304413668816,1.9596914022357865
4.897702244047875,10.902188546389931,-0.6797482395042832,0.44461762377163083
3.4810475595659036,11.058996778855791,-1.0047601954338177,-0.06493629749638719
1.406664215383056,11.069479927368153,-0.22591107792780818,-0.7225583071191324
1.87338385231297,10.941812756194622,1.0137536135828837,0.11912404655114806
1.5306548291397921,10.35052658661528,0.2944677476232719,-1.2873939902325282
1.666478128103554,9.743372595070877,0.25563386675097494,-0.8493545969196774
1.8861484413147316,9.08743829753422,-0.4175190722300431,0.3675717758680206
0.6025746754295118,10.277833271553758,1.7716315040102308,-1.0122235970375875
0.8055705667964758,9.324672389866077,3.187985126151585,-2.517543079873174
2.4992906781886677,7.506040217866398,4.991605261392982,-2.5277420859995186
2.738647689064463,7.173142621044122,5.90397842067826,-0.9547222009481797
2.867093653057149,6.491105905549441,5.456914265482044,-2.4993965352936667
3.2845846679258695,5.505866704477246,5.722947708419026,-1.0415806258609048
1.5509309314846353,7.7452214074079215,4.992138983682669,-1.5371566442644178
0.5716250073392815,7.877896807716333,3.8346402235756365,-2.5867573678247187
-1.2716435594025082,8.626445911980246,1.2800824377019149,-2.818507897524437
-1.6432304641559643,7.9907387714916,-0.3453330080015635,-0.6998482507713844
-2.199152477644793,6.892373650503851,-0.5443205963178707,-0.25161642571966386
-1.1477825926583174,7.231169691560085,0.7044918159454533,1.044421400655813
-3.2051339301160517,7.891063367352128,-0.9612340561078191,1.5847450069729976
-3.324170366163896,7.269414378406474,-1.0968837121170671,1.4269660258683983
-3.8762295863140026,8.28618650217056,-1.9297894558554893,-0.6289655308594484
-5.249702438431358,6.162588447678759,-0.5996632483821165,-0.06895066340397271
-4.4691741839337356,5.443022467119428,-1.3660382776121036,0.4007837517576524
-4.899152527839229,5.9742684938919615,-0.33550204202359213,-0.36300329109579027
-5.3222005321177885,4.659366934107839,0.5726530678658616,-0.7943183606096051
-4.7451562419276785,4.717251450615069,1.4251827680953904,0.13765417095215104
-3.4162449536710366,4.918171084944236,0.17280883709478512,-0.3634011287871095
-3.583651782893256,3.8470768408977505,-0.8586829935586813,0.5222254528026068
-2.1838178542292996,3.6688513020144216,-0.9894497792030394,-0.2168514076052327
-2.2830396034253453,3.6271550987500327,-1.0088641688844635,-0.7375024834344024
-3.536103185372247,5.691841301640883,-3.3527251168375702,-0.502199221422065
-3.333735692693335,6.159175511811007,-5.314392819287997,-0.0010155692695777985
-3.6527571802946386,6.779972761740526,-6.062412758185278,1.019869845894159
-4.036962099280744,7.938023881257815,-6.818783938774479,3.38708288083046
-1.942119891851858,7.592367242736861,-6.077334750779594,3.868350846270838
-2.3857448560350147,7.059611824896533,-6.218963821901571,3.6183853439939027
-1.7380254089704223,5.391538792563288,-5.96632949407131,1.6634636478770488
-1.0443042318356754,5.793984752114984,-7.2010332850290615,2.1583205347096728
-0.8760455654760899,5.094424718614409,-9.437336377381673,3.400035678615531
-0.8367860440091834,5.751509350227827,-8.566205834603833,4.446049653838038
-1.6244840467679067,4.054492524172983,-9.272464554086229,5.5352281157331085
-2.6873149343715026,1.316084805565103,-7.866955621315453,6.088030021418032
-3.5599039693336567,1.527824452079085,-7.596378948013252,5.752091029153487
-3.579066722640463,0.6606176956147838,-7.315615976017793,5.349655137782739
-3.9841765465908057,2.386023725374607,-4.8980067529400415,4.579982259227467
-1.7656819854420234,2.2822849577203477,-3.122985758347334,3.566985631160618
-3.147126247425274,1.0203527450072092,-3.4229201423872744,4.278163883179825
-3.2230144558247265,2.0859505708015837,-5.006857976358404,3.440557961629148
-3.7332943030034493,2.5742497414811027,-6.787194714510502,4.317989321982722
-5.295674503076157,4.688934264974744,-6.311160829693452,5.364795354317581
-4.729553219116949,4.739136671130026,-6.2557046642657,6.692622581388135
-4.6978388564343545,4.124633202265413,-6.2562359701968075,9.024699869051009
-2.6108822680265247,4.757070553968582,-5.691552947042045,8.384104507362329
-3.115742412761404,5.489527769626623,-5.325533730243898,9.49677328982716
-1.98882225933857,4.6131177870789255,-5.277536746863341,10.238579450734179
-0.3633935344559245,3.4167445990296166,-6.639958906170451,11.465894095063396
1.706474561181775,3.0915957862977606,-7.586032061565483,12.279504508256826
2.183794202093471,3.6131254102430272,-7.185710148365857,13.274019297088483
1.4894146947848554,3.5632146156770372,-6.182530231392224,13.229782755303672
2.1939524620964272,3.698364853577236,-6.045288740047493,12.747625576103722
2.3307731565707206,2.92092596599774,-6.055829940193113,12.607528905617704
0.5924651589204948,3.056604992699597,-3.5549573828978263,10.639400201383333
0.06380831584639246,2.6033578058415165,-1.4537763090752467,9.634867454540712
-0.678601199132211,2.317266943285739,-1.4845785600959096,8.615415397241147
-1.0761984046080326,0.9826422867628446,-2.4809544089163373,8.066846866703797
-0.25236400848920726,1.0918338884337242,-2.111217375088854,8.81189639306199
-0.5360941169694,0.49360175779626037,-2.3580005918354203,9.035019902778476
0.21961535602044124,-1.0675632356877374,-1.1352971352027246,7.245337113067871
0.4169946613510389,-1.3413236835912594,0.21175181224350115,7.667435664132974
0.671876208157817,-0.20590429251024078,-0.17140777893513454,7.1824590993524335
1.6183896230568446,0.523231603296282,-0.3932596596221353,6.326125030911456
3.675637310682742,0.08028041079902248,-0.11448098061976286,5.587972774147849
4.840768518002743,0.9972711750516525,-0.29653568007266734,6.494327315886611
4.493739928411091,-0.2819152552293511,-0.6410884669476937,6.852037485845625
4.104745269128021,-1.3848340515667406,-1.2209149344047632,8.091829308369618
4.262737336557828,-1.39989471108847,-1.1103614064168066,7.518787591337033
5.121937345715107,0.17267793337308812,-0.8132063018762254,6.0733520817684115
4.824273375134025,-0.7866669446986189,-1.293559335697219,7.441262064290399
4.636171046815239,0.24218382712596076,-1.4854838422907821,8.643396913783203
5.705951201990047,0.13006854201231247,-1.1078960444544514,7.994708858746541
6.773234296616884,0.5364669335227771,-0.5663546010091108,6.023714657586259
6.782162309033717,1.0913671775914355,1.1829886715638325,4.488441290759034
7.263843206554883,2.8043104150122535,1.4459130872823285,5.650683790549671
8.84836885469867,1.2505002203801914,3.73566112664548,5.675148937762316
8.430660366798945,0.6247138255123366,4.523702757978419,6.393038970299805
8.499197745325992,0.3093055101840921,6.32179620986709,6.824347527293106
8.09806899474872,-1.0459197448870208,4.464812922136742,6.712032967585338
7.176270036629918,-0.9618877935799232,4.161818199995377,6.298006519945219
5.934314920875869,-0.34212128464931624,4.78439132352802,4.698598786065154
6.633249304653588,-0.6979176940519608,3.4101866075903766,3.227414527280556
6.2738455524639045,-0.771237288957359,4.025038339425925,3.218223053077118
6.952657291407649,-0.7488880584620518,7.133498917579171,4.878449339381756
6.130183779660257,-0.8859998350528855,7.4393523274767075,2.79738994679912
6.505603236792732,0.5893832118372444,6.897350719374835,3.8508518815873023
6.93069292442176,0.6316411474077028,8.608249754710158,3.5798863229398883
7.910398243033727,1.3514234713055138,8.693476037515575,3.5252991783332965
8.737666445250431,0.5087425956365498,9.39001560665579,3.4148845210289225
8.548013454681525,1.0859344290290793,9.713479249860335,2.706664027177133
9.527528665446813,-0.6413546412657687,11.330319124634277,3.2840353548250163
9.327539364658865,-1.0544209929758415,11.305793141859485,4.246450073070815
9.334504150255746,1.1601157801959991,10.478941919908978,5.229411684177357
9.706103870360387,0.9549918761737337,10.703078680708781,4.755408436442421
9.533379119168169,0.5258577471040721,10.324953888537335,3.3150093507672787
11.179355332758059,0.685317101354023,10.369076120791606,3.0697147483260454
11.039935667343968,1.0787445409645837,11.834329247150688,3.6946014638945535
10.544877833627893,1.3106340459216477,11.625862177321219,2.641864708160597
9.559997661998509,1.7422022401404487,11.225050323075601,1.775600497749853
8.026498404624693,2.4415468817192654,10.986798351248696,2.2981647227038717
7.174732230127011,1.7930775918200321,10.868942987161214,0.855553889811913
6.791193876491783,2.117983522850632,12.356206149749664,1.9980520415830278
6.915970757298198,3.570880795808832,13.176016772084276,3.4180498695456674
7.093212120139016,4.150059571542443,14.354778946158921,4.249421961008866
6.977893909711054,3.5451067281987356,15.037806361488645,3.059450667409522
6.492045558941357,2.690902608499698,16.29188433387276,4.476866161612376
5.504989340736794,2.5367058243569587,15.266420272247565,5.328471617688349
4.783526076086005,0.6978465514515855,14.621753417113094,3.392607615531329
6.114677236573658,1.558653260272526,13.415445378129254,1.6321336909612303
5.8657750926030845,2.257068993799645,15.306526845803083,-0.1523453069950591
6.766534673398501,2.2277829318944264,15.818668031445327,0.7608827764439199
6.758286270938643,1.7212290172402211,16.680979270606397,1.4153910462202404
7.094053166128842,0.9673941386449197,16.92293154471282,1.2498705664475571
7.886543395368254,0.5021439407176143,18.23167398237334,1.1819757370964206
9.649597008814705,-1.7563311505021484,17.599701955611938,-0.43602867858590977
10.199185908628392,-2.0803729294291284,16.912315145723767,0.7291515267795958
9.56596874501496,-0.3429562366045613,17.843909080699845,0.4415231722619811
8.932487557439885,-1.500751342557261,17.8588623783985,2.8557002454480926
9.439129121821367,-2.3440008091072686,15.760036561662508,1.9945865890189616
9.651719014418326,-2.041862094831119,15.350140501226324,3.167937783951434
7.849578090852638,-3.3431159067078644,15.74431740016187,3.2383662889110663
8.429796654743848,-3.181980300843311,16.52812021624109,6.199182283448859
9.489720855966077,-4.143679818934537,17.602376957026966,6.563229905742546
8.136096169484603,-5.630662051787559,16.41224562604846,6.399164605474713
9.364570504240683,-5.927634434663174,15.816393998839832,7.192719269287395
8.95118223185276,-4.266635897826144,14.342457287460626,8.908272079072209
8.739630856460535,-4.503220510841943,13.66023668360395,10.87612388545054
7.420205474580643,-3.831835173881136,15.547866792218073,9.812939874862076
7.529242378801479,-3.5901948285093175,16.006979252477034,10.572651748515504
7.137006540696814,-2.9119650784610984,16.558872407287804,9.302371306065918
6.5495615721478,-3.932459044633941,16.394043804242337,8.326780714009647
6.860640051481687,-2.422798802342184,17.266049320947793,8.867127725030894
6.657246905079263,-4.344788877087445,18.5905491884612,7.8002916151131725
5.184591329917804,-4.8759486107139125,18.074378306581174,8.631749805950607
4.753756769544478,-3.7694898257540137,18.60166399276947,8.96527655714881
4.136195383716401,-2.5850614075331864,17.33517904582693,8.761301242812205
5.07522555524676,-2.229698945748942,17.266712053282472,8.74145384471194
5.496629339390783,-1.3332067256478792,18.088020764301913,8.712993124734462
4.432922284073541,-1.0905432116513765,18.805366462093577,8.865708074931328
4.676471526936852,-1.4347152966626622,17.37235189359242,9.867113487426408
4.474548165342755,-1.743938839757102,18.384441543846847,11.564416064513647
3.9008293899116415,-0.6120674056137041,18.865801911514392,12.695066974891715
5.259345854019088,-1.1738541658720845,18.91685009530604,13.886346287361885
6.240650159916545,-1.2817484266860084,20.07411293166608,15.692651463093556
7.06487192162117,0.7506898853696942,18.824730642996723,14.174254055298213
7.668565423396552,0.32658208198464395,18.914527723499635,13.940389662315534
8.49572670681165,1.159945883803442,18.70897429519621,14.810991672237149
7.215490422102975,0.9358889655194852,19.16498074244116,14.64990668866974
8.630824027727245,1.4499017379677617,18.811607901875295,15.346194607067199
8.154510665641398,1.1570133571106107,19.35913312636459,14.918688849792957
7.884713787894731,0.03266870574003988,18.904670461368937,15.001789335290544
8.701904944276007,0.4329845362731728,20.53892397503153,14.225317469670452
8.533528536481574,2.799860923611501,21.102925462598943,16.96711200213413
9.297926164217957,3.6205025406376037,20.630208077869487,18.859905823951006
8.066520900045148,4.224308737018751,20.79474702519311,18.96855426338853
9.839924093514956,3.9266237146566705,21.152232239174197,18.1390708802285
8.967746996386266,3.290002604896689,21.02375182681216,18.942879325383117
9.406282325986798,3.2730493830715655,20.767507458481273,19.29308753746315
10.129114141075965,3.3309164864056555,22.123564879476884,18.184970825748405
9.289092857075179,2.845795150985242,22.67849833691253,18.314126951793
7.508236922600305,2.868902847937372,21.83020416167384,17.48781673162029
5.5928275681555775,2.3706421334656755,22.25573956444651,17.981841444604775
6.718917167948158,2.6569039200417346,21.38843222548205,19.237222304763765
5.15199050596142,3.0799449387327873,22.99731652115525,18.61453058886354
6.673347294479782,4.271907727126335,23.841522767010286,18.89790248365027
7.199685600016702,4.093539019934513,24.917485975897,18.372756262247755
5.803733413713914,4.30004309714109,24.880582377649244,19.35568598734024
6.614009036367496,4.297202128882542,24.735197683999598,18.11616967144408
6.620844636041966,3.301532593901511,25.535069250929727,18.845158636078985
7.706166273313473,2.7924510350960907,25.273549481388695,19.49411131216153
6.907421809346048,2.7716730758507633,23.686902498077227,19.45445123365038
8.21812871467703,3.2505004659296683,23.738926033445843,20.490083847958868
8.180674578609258,4.162007375249122,24.1081140931276,20.667779544187983
8.345259987572605,5.4700489025106425,23.131903743319864,20.87816448613891
10.443885392232342,4.519974109914028,25.191132012237038,20.2201762739241
9.883363969236498,3.598318794506153,24.49469126666735,19.436592574347927
10.530831103849106,1.9949989165658,24.97997151210546,19.07847014242678
12.018909046610174,2.3004425950648746,24.37088342407719,21.408296552602597
12.375706643422523,2.723115058613638,25.48351369305372,23.472188344731247
12.253050196507592,3.307005983359272,25.63478451804369,21.19622873732372
11.29410068041393,2.8353340095427835,24.611082657790064,21.13870917337176
11.512248421396485,1.3627447464269156,23.852578476820597,21.467870796087222
11.787679540448483,2.242071314217387,25.983296032864114,20.89639911651222
12.040694482135969,2.0624236603598907,26.34010408994513,21.92770155440078
12.996887984380818,2.4371731759090967,26.037790482291157,19.380622272732992
13.12996719707983,1.2852756882070313,26.1157951153018,19.36996598154681
12.524820586474075,1.4790072435006,26.05871042179024,19.845480897684432
12.26183462008637,1.1510474972463385,24.219351107063186,19.78361530673683
11.299319619766885,0.28764689296073853,25.77989973469269,19.852056133196317
11.686746578593734,0.4058637571705859,25.66726266223754,19.811308713625003
11.034973779881238,2.0447362293940845,25.27343196019225,19.671805043088728
11.824081695236627,0.43760555335182194,23.78666078805484,19.910645804572752
10.082080732285515,-0.9341850434635086,23.02352384510716,20.39763890235091
11.760828594233962,0.1860851306204352,24.274082192856344,19.369160675416246
9.947543739099073,-1.1489187232232083,23.527011737928763,19.248450436281814
10.435879681350512,-0.3084451638752611,24.68774022150929,19.210874928093943
10.872751110010967,-0.04717996152645121,23.90111314840811,18.676063630717557
12.495982949694652,-0.6947162354024831,23.454353248253902,17.123247078118222
12.968117504406075,-0.9822167797198997,24.045452888415223,17.839625663236262
13.490623694529711,-0.3149574375516263,24.99661477956556,19.335067371754803
14.045983275493072,1.4876452682403882,26.01497579647542,18.415993460872496
13.625707628119715,0.13346595639115955,24.880949427658432,20.636967870553168
14.791672054771915,1.3587397425467738,24.54686415110893,21.272458636012043
15.13174101124299,2.184613168911675,23.642621837530257,19.685457745113567
15.552745809694482,3.1477622886270757,24.904350300256176,18.69989888991565
17.562423909234987,3.323889827626974,25.310067809321254,20.00669708382299
17.730419568788257,3.6630902708244086,24.86529950512398,19.473567471543998
17.265564999148246,3.461318591351735,25.83727066504578,18.77332440987536
17.07127365687517,4.961430133612846,26.961506633219354,19.53015176541759
16.696914555858886,5.4464361051318875,25.848168596675823,18.340433481210706
16.219278039966632,3.625200366374086,25.769467959887173,20.31173053161198
15.55150123092114,2.262174989264873,25.581482947952207,21.141384206739467
17.32483128930816,3.5269615412871556,26.106715984469247,22.081531819204436
17.892876881907544,3.7930288592548473,25.470443434952795,22.249354833692426
19.2656603957754,1.3400372601482848,27.695497825615767,22.13601444506243
19.195540856173686,0.17893105660271713,26.971590052174633,22.59472356220302
19.09300138662394,-1.4188665343908866,26.71572290531943,22.104407695210018
19.79049540399286,-1.0736285528933533,26.566416511856215,22.272237042002033
19.269162064823856,0.13990598179105507,28.66474425636652,22.112872025728617
19.91811954349691,-0.6968021651395302,28.944705779899913,22.490292230824718
18.164098567844544,-0.5848558935363417,28.731510296555943,21.1191239773595
18.012630538501693,-0.9155484613991137,27.652488095126134,21.367881881954006
17.101343890840646,-2.2833219836587206,28.15514265560721,23.127399397150597
17.052790648897883,-4.004647595848271,28.439786473986782,23.44044774207329
16.79886141154009,-3.962195652314114,28.53687107405248,23.48427778041644
16.632633718895317,-5.459724471434302,28.545458074083633,23.50241445309178
17.15737655866987,-5.273793543813207,29.52095690230919,24.12528773375522
17.934823332924157,-5.9464258378528765,28.95795480198309,25.55245562847067
18.470326689705253,-4.563595695865956,27.6070198239503,26.080500025613468
17.52535772015384,-5.694446912683905,27.791001640887533,26.579365722053986
16.843000614944643,-5.139784968225531,27.72723252135134,26.68503994958133
16.298428434175655,-4.875054421161925,28.25021473694686,27.35366018047741
16.827883622333548,-2.1809333651050715,27.17119988785187,27.378715022553937
15.888382771931184,-1.8405902882124712,26.455439236058453,27.63515716807228
15.857715958019522,-1.965410954759769,27.313475397135267,28.245693172092526
15.047394323697707,-1.7239288016574417,28.670489527197823,28.455509474812043
13.73843871674313,-1.9272833582819513,28.360931959634726,27.842687782313167
13.660707313214981,-2.0862071686064194,27.993126329743937,27.043700497065025
13.177713030347645,-3.842394111342979,27.159197839247803,26.764835674054986
13.98445740130013,-3.320523473073527,27.12878034630131,27.08667614579674
13.266544384991933,-4.358224025312367,28.957240738889123,27.29403948205768
12.143667612857968,-3.6375788466924446,29.687340840401188,25.20278595733353
11.346635557997338,-2.5101600587875557,29.484552858530648,25.607999071549315
11.958218229191226,-3.582299870647459,28.35024275787731,26.03911800839416
12.168686704355725,-5.052102821705527,28.635831539213214,26.720484149236924
10.689134020479454,-3.9502921590727955,28.323330796866642,26.135569286079704
10.832769205727514,-4.275034640959934,27.01149885386183,25.415962926356876
9.177135689451335,-3.6338351851328317,26.87070396181558,24.81236568725631
10.119584682552503,-4.30140993427186,26.17940773699249,26.21987124812242
10.441911542332303,-4.184041174444436,28.186454664456612,27.0721205247388
10.387027116542791,-2.9598252222578667,27.71375629077248,27.303523587454034
10.932913599108154,-3.3390313547783377,25.722038648667475,27.61854839386641
10.145663937108774,-3.9925965346706995,26.66893556136948,26.38118772327558
10.091891957867423,-4.0775559658000065,25.98604654419086,27.51108608537527
9.527502193032763,-3.390748526606587,26.756584135916203,27.7815466456527
8.670144865123433,-4.081867106137674,27.218879394524667,27.667023986083915
9.683005789512128,-5.327790667199382,26.53399708398983,28.191234519028207
8.12080014673149,-6.022102019197194,26.254316486920995,29.68276895942441
7.181307261475915,-5.86680421796488,26.638781742925282,28.997050645182092
9.280179006466245,-5.153619669457093,25.94809906472529,27.987040060238954
8.439937515388458,-6.591057292043217,25.184476364573346,28.434582855849015
9.350690417295164,-5.72432706593774,26.937629140370934,27.983659083118557
9.110445403903498,-6.172042854005177,26.112947081959184,29.124505034996716
8.518065160765026,-3.1733081421227305,26.272688104121396,29.107647340991456
9.22311792420138,-4.778264579368763,27.706793528260494,28.220283769766162
9.097665336414659,-2.412453352891174,30.20623943724949,27.798028694228208
8.129573124196694,-1.0377568005535873,30.94309270217158,27.40364175420335
8.31240023013214,-0.19791529998601054,33.23004045422306,28.54440539444041
7.598188462527967,-0.5139840382802232,33.80026101739771,27.4922251781592
6.941561511477691,-0.1446651251978614,34.33144087923131,27.73086344486488
6.509936766873778,-0.6214110952504677,34.9198344458598,26.67819239539942
6.54372216801746,1.3691438709499202,34.566506924395654,28.46169200531324
6.4239278425447575,2.3405103065116526,35.28939267984222,27.954895671481097
7.16650304763374,2.373142339913414,34.18369163309748,27.589842281249677
6.975314328099609,3.1850789127843524,34.65314884181098,27.429905814315713
7.32595698194058,1.635302665924821,35.93344950755103,25.99832134894533
6.323953328514927,2.776286154815061,35.73419898085723,27.18149806105114
7.791843561758428,3.541894398056095,36.573523819005445,28.728711057972053
6.902603310128755,4.313410608895813,38.28780900467994,28.05760815099093
6.514194162342792,7.000453289344829,36.68564181558739,28.08604732969509
6.918968163177774,8.019028963654415,36.60232386415772,28.927944541884052
6.299384809291649,8.672495449090789,36.22654774619166,28.354060714786826
4.180167967107657,9.34803180424909,37.90919564164288,27.216771499301984
5.5508564376634,10.861942788567701,36.563466390206315,26.052473455445213
6.766714012957756,13.109245292139759,35.47340999917173,27.205236305735195
8.601089329313984,15.845932777981522,37.12135504741304,28.555331778318468
11.115728082755671,15.753759537325182,37.76955656642532,28.234136740652122
10.577681740507359,16.02064247465053,38.98351245719975,29.492416100197214
11.709023308316908,16.307075038479393,37.47705121200094,27.73227125566975
12.139907537739623,17.529069569802346,38.65588483161397,26.795231786182175
12.07986179025099,17.456931022609407,38.98752453806959,25.23580383263542
12.246956796317559,15.438809205068676,38.44279567753094,26.781038528635513
12.103217389904286,13.505848546127378,37.61564102594489,27.69114951748976
12.935802552863953,12.675011295494242,37.929128642704164,27.389889162243264
12.43118421911508,12.039188432803012,36.469524430526846,27.452934408013824
11.459848991926853,12.122611877953855,35.253241394819234,27.402952486181025
8.864945510207072,13.90987048071702,34.885668635262995,27.01012344798017
8.687973367149414,12.416113632551236,35.612136914504106,27.777222111808605
8.777775506554546,11.570170799278278,35.716334532727004,27.937147608005755
10.184124807656465,10.854074648612599,35.2170722563358,28.70129109929193
9.980788520381832,10.650089573786914,35.288947328935485,29.728443478580587
9.708569047930116,10.851056689456541,34.680177920830815,28.784023592652737
8.790443757230989,10.730505384346943,34.869478402623244,29.550747986216916
9.152664840980124,10.18246005966308,34.10409121421722,28.34102475429771
9.884536730675478,8.38232556828641,33.2440939238884,27.702968148464876
8.902410119575542,8.581421299483523,32.98486102595935,27.146929991057423
9.88559455053937,9.17794172951094,33.04182656464095,28.027595759587534
10.904908983715767,9.480969288361866,35.65065654817555,28.026344732290227
8.853924214500957,10.218148429128194,36.416872289963145,28.30513602688822
8.823672872583028,10.260998030256632,34.64589320529965,28.89292172852253
9.802301188890215,10.586546585721496,35.999724862459914,29.710879976945343
10.45369964585226,9.746155931467813,38.07335425048079,30.29313127373465
9.154574095571547,9.839968828078588,39.259998857265515,29.29413080118023
8.830025569953303,8.315188151377354,39.17385285336452,30.741670912696396
8.49051040773787,9.169164089903475,40.16265091458653,29.064281145670503
7.67702443472361,7.460966975138385,41.07405734871846,28.53550924230591
7.308993706535943,6.382835521648513,41.560898239987,28.45580653215826
8.634943874414388,3.860990983869323,42.87406207002222,26.753023876241674
8.732111380942845,4.906347028768696,43.98845398531698,26.45533931515846
7.401907656220996,5.113018310163029,43.83050133895602,27.311488870440847
7.535744160001839,4.940645265489944,44.153582395613725,26.238487087213244
7.907318939131957,4.80724870314273,44.39253273271552,26.71550500574049
9.121304583876816,5.643106048372107,44.34109451021849,27.090070890545604
9.850428093837523,5.862474032035968,44.324602459459406,28.03124278020076
9.025118082003969,6.124366700654306,43.720371872327924,28.560327664416526
8.385546020225139,6.24000923378024,43.11223084173589,27.358272597484394
7.488403147562792,6.940410372261298,43.901270192670886,28.924271120365944
5.574705837328348,6.679067310039803,42.70349434421722,27.928604450296337
5.637648800880724,6.406188188644118,43.37737210874732,29.455767963523925
4.869198206901704,5.67855040086107,42.738772217231734,27.848802625060884
5.2513449453902155,5.451543369375512,42.53264772822886,27.97743232623043
5.455274469077988,6.494246820661997,44.06158179650573,28.31992451616079
5.600661571021979,7.172162478954846,45.380506744131694,30.471196597048046
5.040696100461541,6.935134309292029,44.83881230768454,30.985669091811225
5.178025226020841,6.3332618605046545,47.547797627094496,31.252652296247394
5.223055885111296,7.455057229633473,49.55605391967799,30.27207038514435
4.502812717001227,6.109103908674406,50.226615188912646,30.464859107426403
4.3250894466791845,7.146235803927463,51.517068697612245,29.194616078088252
6.045777332991609,7.048903437025994,52.09588347591878,27.989892462259142
4.758212898275739,8.676579374859266,53.19699674609928,28.159603420463664
4.934180601012295,8.187807582438639,53.58570863789112,27.910216689738114
5.423783750335203,6.798585221592283,54.042065698893936,27.692765363414942
6.316376970677191,7.277920919277863,55.488367798207854,27.62491255666269
6.241886119819753,7.091960053269346,54.72224282245413,25.415055653394283
4.839787397946381,5.41396311412141,54.778176165033955,26.46524176641376
3.7686322842337088,5.2994887730151845,54.3858820637315,26.08924190646826
4.940517727557559,4.308611217351051,53.4986445601731,26.09787160213854
2.6615511623544372,3.2659046820577506,54.19219599848866,25.99673841279278
1.9590183751287342,3.0506835804793972,53.44721839152483,26.107586171115884
3.379275886869804,3.08996555935082,54.04558691434396,27.514901287083212
1.7215523144451168,4.017571919868333,55.019175251060176,26.395290631246493
0.9790616255699933,3.3961461686567436,55.03256782683577,24.85380404515885
0.1129134214425318,3.5484639140897256,55.16869521205988,24.893583191645916
0.3643536861433805,3.6750043899521216,56.847406084095226,25.720087203607612
-1.22731515193914,5.0194558040459505,56.196105360380656,25.488760313031037
-2.354053799689375,5.051286185736666,54.70145950862031,24.402085423215347
-1.5700128784845373,4.803995188899706,55.082228584888064,22.915072104180283
-2.143176412988052,4.840497037968887,53.173404833649016,23.254199770858897
-3.8020355407409694,5.0557535123063255,53.96484714121069,21.97075916617299
-3.56183505279884,7.211990327616743,53.581842077226796,22.904290027222963
-4.00915081595849,7.424291586368025,53.63413789470894,23.211270714751713
-3.809471764921745,8.265265182595146,54.002820589880294,24.30622494022198
-4.419741746252782,9.349694658469422,51.75519551243708,25.29141693839426
-4.061816877705927,9.230867850677829,52.10361794888719,26.760507790725097
-4.0939762382375235,9.33944355896926,53.762811544765505,25.064438134388578
-4.52119788414355,10.027148751839464,53.031332958783324,25.36751421290601
-5.55541467877952,10.638271236363893,53.60953567785969,24.916060886822198
-5.929732257364284,10.928203512445874,54.060288864222976,25.075960320300247
-5.837935170730668,10.29596632131712,54.23568737395099,26.819178580509877
-5.1076324146247325,11.610031886610999,55.14483304292545,26.41358731404022
-6.439749754391709,13.013175862719883,54.33146041467153,26.007972577513275
-7.805675855327473,11.845926120692267,54.05730398490351,26.281694280169994
-7.780473924015381,12.085657817230963,53.988116355136334,26.383717197438386
-8.396281872762419,12.278190743007722,54.11105079134587,26.497904669184546
-9.87010113165101,11.195839400167817,54.4707584254939,27.414432069604707
-10.815234638099357,10.956277359121577,53.632174511409794,27.503426279856566
-9.63257007577711,11.29566102842776,55.68963416155904,28.58692793809007
-10.732048048168416,9.1217243144669,55.767098964090735,29.2443115103061
-9.657616347219353,8.252268799732583,54.58479077429439,29.673471422251062
-9.887084928979156,9.37794385326869,54.70758425374827,29.320588870353443
-8.404123599926697,10.356730400736428,55.10557633741345,29.458070505732493
-7.925488861309298,10.072974863546978,56.76300813843631,29.13584788592033
-8.083467401796325,9.672845785606562,55.4820995557284,29.887250791554386
-6.235320552545613,8.82871009890694,55.81160986550455,29.991818211693726
-6.060474199741856,8.098771517707522,55.24384512766937,30.19390325582008
-7.649543425190824,7.427657191064824,55.382999154617224,29.821159352898043
-6.56690753097117,8.873219805635399,56.091314683234415,30.959564979032706
-5.6524208161876945,9.288168219717315,55.567961900177416,30.759936059193134
-7.038974126421209,10.136536678234906,55.440574371244175,32.94642394272693
-7.780020256402885,10.178430458206881,54.311294722084554,33.109189063030726
-9.503753521075822,12.444610636035888,52.45086786917207,33.270083432312994
-10.046690909509364,13.382346043645684,51.42201722724257,32.07634099107293
-10.628663495924032,14.928659983715642,52.306062534075146,32.17068540409777
-12.571587742870818,15.561104160668359,52.55382888355235,32.06531109824435
-12.493393770505476,14.969924011895118,53.804708045796545,33.121922465873325
-10.572277686481321,13.929203321966122,52.5650265898652,33.490624031005886
-10.965505997898026,13.33282042108074,52.32628126494521,34.059343758961525
-9.065636504360533,12.684791885520442,54.454577889531976,31.59735995516513
-8.891309074028833,14.276258251904778,53.610929640114705,32.39830216189832
-8.430756662288639,13.056497663317343,53.095616801678176,32.10783580127308
-8.320141322098799,12.00634437888979,52.557032296564756,31.483896078727327
-9.216089555059032,10.189460332381625,52.21455069141396,32.006565174742384
-8.473344119622297,11.942977528601283,51.06216060306771,31.145796611960204
-9.495279622934952,11.737641855266299,49.136457911764026,32.785062955077265
-10.477070432681401,11.836624813950564,48.819289215851505,35.080204776931325
-10.592172739830993,13.832152314803825,48.76095690328033,33.907285757987715
-11.118095057192617,13.356004438319387,50.20719155435364,34.82703131278865
-10.539239077434818,14.644831270397274,50.774926003899914,35.50129446125205
-8.910964357268616,14.02450425517228,51.40950137900925,36.22412273220683
-8.277648418183865,15.124897237359363,53.69797113901424,36.979623053202964
-9.473010613132914,15.008591048753399,53.50430125107003,36.09326680018626
-8.585686417863815,15.87796275721804,54.168294128576186,37.293665299960026
-8.137509310795156,15.33621820332443,53.785111279906936,37.955140958353056
-7.7097992087529335,15.491301283166932,55.420375268600566,38.64474125860616
-5.780590083416014,14.339504439562242,55.66770572940632,38.84875676033406
-5.762674541433868,15.016625312711028,56.20948283193749,38.72492304631253
-7.053851191542589,15.711467039671886,58.000823858623,38.77100863369143
-6.69116994003531,15.713397546690643,58.90333928402403,40.4746727215928
-7.614629453269588,15.708767811198777,58.12496303600295,41.865198658559486
-7.850364660328971,15.792537428013997,60.16343005647924,42.22119069844738
-6.618519718562185,17.519982099247724,60.4210772010931,43.11745470627686
-7.152611434871543,17.99833919490208,61.187051601402125,43.100828048604846
-7.186605291409246,16.73680154222566,60.17826543626493,40.75573550984151
-7.4682638932346315,17.56659255634,59.377153344312994,41.01053273305215
-6.5388081872367225,17.59782934976119,58.17822406171361,42.379645852257454
-6.358097035267872,17.118270467415066,58.01638256378507,41.96406448542957
-5.8271439141073635,18.773733717270353,57.28733642203353,41.626128245998586
-7.0839359113171945,17.29154317233044,57.723734454589774,41.48728762827506
-6.951897709595279,16.998372910461676,58.744171793177564,42.37371579645671
-7.072107504864527,16.17164596452361,58.48123511605322,42.18143822946819
-6.215546521375799,16.415721376208882,59.11441013899459,41.500631075690364
-7.1862756286183425,14.274456058507742,58.81262283354232,41.265421907922565
-6.025303138514554,13.839658479722045,59.19505570391597,41.10666264723243
-4.419238101051262,14.040256963246282,59.21020056952145,40.71287868221737
-6.181797496355676,12.955863600185314,58.61019551315527,41.159745294664816
-5.263985148187087,12.102909983693616,58.325730187823794,40.962376514239715
-5.09445781898374,14.76527381106965,58.417330270487454,43.07977688017796
-4.928482655615044,14.61115057079914,58.89674083937521,42.64119390486632
-5.002304445959384,15.486454337434813,58.04374645420125,43.300500516552866
-5.010380523682142,16.11505986362992,57.98970382159939,43.326597193350175
-5.257458137274506,15.81172635910444,59.36328567127368,44.00179557668736
-7.17764278857428,15.984040850659937,60.07675464624893,41.533388854289484
-8.626228768617521,15.8138688047879,59.95244803161415,42.350374735322454
-8.829357627187937,16.016922635445663,60.475329494623544,41.71039991456818
-6.808825021089784,17.59957383212681,58.87547429764446,42.68401186072078
-5.984464363189677,18.18847489717936,57.85292356203255,40.55630514495652
-3.747772132241964,18.174014015941445,57.664317483658955,40.84688033917787
-5.02498021220662,18.544082772849414,55.464303640447675,41.236642961851025
-5.01492874246421,17.962746000555057,56.43040048822066,39.90703257872519
-5.4211699941421845,19.24017946408829,58.46839544639721,40.878851069000646
-5.539608539253553,19.705025226500567,57.309736953240325,40.80361774064341
-7.075631223092613,19.401308773786443,56.68676749238212,40.38032125397544
-7.796652175362233,19.99256476713127,57.8101628813687,39.60691581783476
-7.462729127884871,21.135183940425552,57.745327662339314,39.50129297040084
-8.063757651553336,21.465645617420613,58.82474625638574,38.56008531437199
-10.056480368406678,22.09125260226031,58.01846885547491,37.000128063989266
-10.060170140045752,21.80636253123187,58.79089700620944,38.65915231921753
-10.120039377048261,21.93646900113007,57.78193562170565,37.48791304667049
-9.795945256742648,21.395549866601236,57.3039149971684,38.52275316512036
-9.520573843931247,21.778448923270673,57.76879220530723,39.51709639840049
-9.155477270712842,22.000160517792466,58.08456793555148,37.846190196884166
-10.492465813486607,22.35888912231288,57.241016821165246,36.15954183267551
-11.582477443780013,20.986339488963186,55.56737454032974,36.18630774035713
-11.454403622156944,20.044581124600537,55.348741047179445,36.31222595240054
-12.306313847163906,18.594929658725622,54.83088773727941,36.3840762637116
-13.722413348215394,20.711437827447156,54.618436028512264,35.17784691488462
-13.14974997419074,21.144346115114654,54.92572491619754,34.676720278973185
-15.625220647322976,18.75086894185721,53.11303117385084,35.11530193617843
-16.810858336716155,17.860365710526313,52.57256418376696,34.3371038182231
-16.282641001683885,18.038472695083346,52.216087529955374,35.11977257583239
-16.200567890298686,16.566382690137644,51.3374250611156,35.36524352186518
-17.601265268062477,17.358238388051134,51.56737883081319,35.431921339070485
-19.16143474489293,15.866356510007002,51.19557352766009,36.215626658538376
-19.502876672669856,17.053516932324836,50.80397398303174,36.27781410988211
-20.068163882942805,16.294697470645353,50.71778797195362,35.81953659621337
-20.07122427564013,16.47488399600183,51.07957699310258,35.38421667903686
-20.540750839622238,16.15514689993322,49.8602872343219,36.92058850412191
-20.54726385051659,16.106258965524663,49.29487204549136,36.49354796387553
-19.451840237683463,15.884699647935031,48.98039489903294,37.417421767776915
-19.131045858601425,14.785864491368656,47.90431352436955,37.81694612999787
-19.561619889009894,13.513076482305173,46.89845619890514,37.718881691742865
-20.57194570898267,13.892744869010894,46.84260170252977,37.81473304898436
-19.655476062601963,12.896465806358595,47.27145534380571,37.239690870454
-18.62867395100833,13.45224709242466,48.70087219907661,36.38326769779862
-17.859869369476538,14.176106411628155,48.17425430191448,36.50350176768794
-17.77333393402684,12.391471544654623,47.731480010660874,36.06117775149721
-18.821642599220116,13.143668307732638,48.01620248265368,36.36177767417929
-19.271423167056806,13.069165188390237,47.180857138985814,36.61160621142582
-20.208835989158903,14.035191482505633,47.037248169569935,37.44733142011311
-19.769492631861098,13.853083828388245,48.13710190789276,37.17334955406803
-19.01992514464642,14.91788323807291,49.51690967710031,37.698090822117145
-18.947881390876752,14.067878596512369,50.515577645642686,36.90043256731015
-19.396275762854483,13.876237440360923,48.342707228281824,37.38776431619671
-19.065436512628764,14.651663619824998,50.18468736455821,36.9418105199307
-20.01222244256082,14.435410104148279,48.726678308321,37.45886404768941
-19.98394282029788,14.505207014644661,48.11462703138326,37.37759841242683
-20.2634427153063,14.225765972536909,48.550327963111826,36.866429689012996
-21.319816233051228,14.39596352915145,48.00703468008984,35.62893771579749
-21.97881043585388,15.03096895625166,48.490547649422965,34.8177734420892
-21.218177371791793,14.309511049538923,48.72874557218171,34.212738308575176
-20.47070002550806,14.55495776445267,46.50014358822072,35.68969818992639
-19.053987631049978,15.743042671449883,45.82088342554728,34.872736930260594
-18.923912613116034,15.694831972165218,46.27346102536206,34.19966315584662
-18.77097394938515,16.742379342164156,46.24641272376053,34.90422322851644
-17.527904486472245,15.392828463990453,47.19612320085378,34.40420228432401
-16.776233151544517,13.912098102652225,45.70143062849243,34.98643889871584
-16.008771405134446,14.258570661759043,45.21885807724063,35.54264025639744
-15.29387283895226,13.855430164432075,44.706401348070905,35.22646116773468
-15.738686731224785,13.357807955116895,43.35557185734064,34.934212335168986
-15.009289765998876,12.054649328821792,42.245101409681126,35.07542932450932
-15.569805116376758,11.064892355173678,42.54160702259425,35.67598014928788
-15.030471188588427,12.258878256215242,41.96815417913611,36.40283180563993
-15.532236818078703,14.062748581077317,42.14701090495239,36.25558474284164
-15.963910769854152,13.09817926441298,43.24875825662661,37.25375985905119
-15.006680210403148,12.028797298559786,45.66509973158098,35.25991338488419
-13.439372575160915,11.951930156987887,46.38766090380058,34.54304482662497
-12.225945412251331,11.401687494402433,46.662217113811124,34.72385090730111
-11.988784067611867,11.060470444706892,46.9578490181744,35.952817894673146
-12.664098127651004,10.552485793308394,47.26986944997642,35.739113223302766
-14.073062423969958,11.328184642339963,49.17218812624068,35.01692415319035
-13.231519355483925,10.610583134371467,50.01643804977756,35.20017316923594
-13.381159907125523,12.121912546187762,50.02181625263855,37.2575926036888
-12.923728373385604,12.153339419630257,50.63154890451806,35.79383003069893
-13.193869177304181,10.953779330893322,50.15015155064538,35.78219984233308
-10.659482560984326,11.243240932478468,50.7328922567313,37.4614593562366
-10.764132665817387,11.522029883554135,51.153051191272255,34.469013929243104
-10.84463428228261,12.250456685793909,49.42902379159835,33.2844608833262
-9.465213267583145,12.965309789232974,49.73211163494541,34.51851607963621
-11.379722492596962,11.788862025098368,48.20710481681677,36.43066329016538
-10.021601382283178,11.392091531079663,49.0326756765764,37.7916629501281
-12.097936531115703,12.770794491961492,47.9249501633518,36.71230881977652
-10.449311606559267,11.907500136676433,48.49130905941167,38.623190711818566
-7.771223154102683,11.119722843975405,48.76317041118995,38.59129343470887
-8.696680030646874,11.274245211316869,48.15105874789015,37.83827515676832
-8.510761288040845,9.879443075364485,49.312363451038074,37.75373951026557
-6.832712547536712,10.966450293740904,48.686461523087885,37.29640831819444
-7.371903385431285,10.89216433249118,47.689171203208986,35.80467201485781
-7.969818076264935,12.21927976899547,47.23001459247041,37.237098427049276
-9.118710631495361,11.486350397614082,48.044934985531654,37.0234413032542
-9.765892716394948,11.70395120100254,47.46759714772179,36.6766377484518
-10.413194031784167,11.954939586745468,47.05955801695604,36.22377474075576
-9.590927834309696,12.057302244904582,48.2521835958335,34.39777425014922
-10.313774416042591,13.403103742693572,48.40481373703588,34.08338687775661
-8.703152520566306,13.014840590024034,49.33640983456916,34.567808959578386
-9.98601186722043,12.37564604513415,49.37439415126129,35.01035273106219
-9.81425241200615,11.813948917443481,49.429218390381834,33.057908404570945
-9.146755556777979,11.146549753036675,48.71747195657354,32.11765652469038
-8.373097490410586,11.421102223922219,47.80322674233696,33.08763044553613
-7.981272253144383,14.643767225499225,48.204903349881114,33.99396282931049
-8.539429082128104,13.79976385361748,46.41202204539324,34.01254824574913
-8.300625613334542,13.77054648223975,45.5031588360407,32.73420227810091
-7.0506814170453715,14.469512941600653,45.02847511079745,32.26144942161254
-6.20533639467423,15.248729232051014,45.31592986357966,31.53991894054135
-4.810355209905821,14.442307768214343,44.92865713569728,31.538966287409046
-3.190372460567033,14.735097927578112,44.35569174209935,30.45425446479164
-2.0909197295620374,13.759079535441602,45.27114593294281,30.266971780801295
-1.4985439177200375,13.106014573528812,46.723548276213805,29.343817956113508
-1.8784961567698781,14.114987678877686,47.08512282253844,29.51911556576252
-2.5285631096392334,14.624011161634105,48.58175126015788,29.118452330358128
-0.7920049735729557,15.70412153015513,47.217093546210656,28.622154617981383
-0.9027349695824269,15.397990342963434,46.71521706229413,29.3370994857648
0.29507599071836577,16.78426963002112,45.21936385831988,30.147407533712773
0.11729470825406851,16.819088900168886,44.511423596336144,29.568889054842394
-0.33614429575903154,17.669227801496955,46.154955442144676,29.625270507540368
-1.8108040055418446,17.605444779775148,43.87302887572316,30.79706551621879
-2.810261059250338,18.36299882826493,44.022805226184126,31.035147280300148
-3.577166795010531,18.611261868758447,44.259579079712466,29.354453133816655
-5.291277123606676,17.021099921211043,43.65703083238887,29.5355455678713
-4.873684554719006,16.41934439660861,45.61897311588082,29.777605120530406
-5.1902108103710844,18.79736020505298,45.07228214925702,29.29854343647545
-4.6583825264415815,18.854948661460888,44.877892167738864,26.246440505585856
-4.835254535279026,18.706710600169444,44.58646592774731,26.747436719350965
-6.582581127404916,18.001662573406325,43.71671068215623,28.353997338173464
-7.42565070760591,19.02810219280884,44.11440532904622,29.663814910801012
-7.064949719945511,21.078002606499425,44.72794119938928,30.01429746962348
-6.512169691945882,19.839481172984982,45.07811128755388,30.44725777838887
-7.938083528707524,19.782941584520383,44.43669488591659,29.979903422240046
-7.987477714198053,18.9415865242473,45.21778032247159,30.173728042648705
-8.696929506086772,19.406269603278854,45.34321819596641,29.79006890679921
-8.03885026392654,19.934731263671765,45.19481461696209,29.38912770338659
-7.863301848379011,20.73618159267925,47.011202695474545,29.9914628472639
-6.981157626999026,20.36415789053867,43.900846593503786,28.95581533533497
-7.347875781935813,22.574023979556,44.18948448003024,30.26357145315762
-7.129286985653053,24.809574456103775,45.01891844559982,31.716206192230747
-5.504234051791167,23.204832252424055,44.67981263666157,32.369428558219795
-4.423390484333465,24.45602832046583,45.03733013561502,32.57640975190861
-6.675751994223575,24.143617939284706,41.99930452361354,33.66570017192891
-5.295422361100874,23.861783201328894,43.18091517997027,34.01990475006748
-5.603787303139419,23.209264632480668,42.818371732078724,36.17506189836133
-7.533090219232061,22.977933725061256,41.65046037451461,35.983456047577384
-5.883901598904714,22.557264530440303,43.30211366157228,35.43080722394011
-6.69748603025551,23.500914669261114,43.01302582484001,35.36761769736939
-7.0979045391400115,22.713542722932885,42.67936520284753,35.63656962824129
-6.556435563467598,22.037611166616966,43.98046077138394,37.274085520046654
-7.479703030470039,22.153965382380935,44.92292650493687,36.32345468378256
-6.874541950849094,22.009435147674704,45.00143426920995,36.40134661785605
-6.250604177204338,20.83371929219886,45.605815352988266,35.105837984248446
-4.751485610681096,21.6431099004046,43.84647252473755,33.16876485136776
-5.010969044106481,22.815374567532515,43.948729543553696,32.575400643317586
-5.305672571372908,22.899168119925765,43.83955228396418,32.232062295070136
-5.784226302997249,22.107522530948174,42.23718616300689,31.092347047622027
-4.975806204820502,21.820440040996093,41.54185284567263,30.869447399753568
-7.777941088767766,21.46018258388095,41.81446893440916,29.759334696144748
-7.320560761929338,20.669280558357432,41.04431523864677,29.5278806371578
-6.549642351214753,19.734633534376623,42.31628854072929,30.331988634813165
-7.895212208648878,20.2608250336103,42.95025420802209,28.792764333821946
-7.955070190104686,20.54393904489537,42.83882538166497,30.2751230833517
-10.883667575703,18.672413738471406,43.937627316885674,30.787759033759013
-10.549227503700669,18.529373709567636,42.12522910351033,31.952349604218256
-10.28550030571762,17.250058743870216,41.50195983216356,31.64203518072391
-11.331022959679263,16.60775783752037,40.89646628907706,30.132584623150784
-11.465804360123581,17.401814197340556,39.195049092100916,30.459683236358494
-11.653708607727246,16.714371584902302,38.17288236615745,31.35466160068957
-10.162821159171916,18.538089986782428,38.83664760010389,31.473509360368134
-11.278813835037127,18.489414660419843,39.32522922842278,32.317685644688396
-10.81230482797126,18.298803548663223,38.64264696332127,32.18815739148702
-10.164020669767309,18.1170061931929,38.85871338906935,32.76387638423225
-11.220503909469317,19.192491488724734,39.45187158329662,32.867725353865346
-11.137461029399256,19.761488150431695,39.54876405573166,31.64397251322516
-9.527977745988167,19.77153951410058,37.7217217357002,32.33551606237873
-9.397432055295113,18.173496423725794,37.0531040107274,31.18241959994689
-9.911139374258402,18.301794100493193,35.66854995810184,31.310494619214236
-10.27423302111182,19.475669572269368,35.38373103726377,31.441818779686017
-10.85693171051482,18.404523539514766,34.73152613300835,32.09248772292527
-10.214074641320872,18.66408835412863,35.364626279594106,33.738673044384015
-10.215832798258427,19.430213593882133,35.72553462760018,34.94627113210978
-9.88270902441452,19.502904374714497,33.7805429617707,36.024747068345796
-8.458912786320969,19.24966441065116,34.63943033021335,36.27745381231971
-7.4611529200805204,18.569313721884566,33.168944196044535,36.47657388243102
-6.35411185763296,17.23296265263021,32.73931461945719,38.53975134272995
-6.696382969480471,16.594330258923957,32.91154451544136,38.03622653011908
-6.56477265459661,17.142282256212795,33.28251968505476,38.1668390265361
-7.791831145408931,17.28550291897287,34.098985231069875,39.36636622838677
-5.754280430297513,16.419702006635774,35.791190022013986,41.812098348209666
-6.292457669531638,15.366639076016055,35.206121443327085,41.57877202713094
-7.378265328479755,15.310622101334893,33.68187998000768,40.35097485793704
-7.403746173325524,13.339711077838837,34.662769428588994,40.358904463228086
-6.5858181719745055,14.42388637938247,34.58369716141338,40.74754157064702
-7.315791721394026,14.090113749855988,32.49690386741231,42.24390020275372
-6.8607474200268115,15.564666891249255,31.429764089117647,42.58255445659227
-6.695050692833405,15.412527603045106,29.358334381894416,41.3263273701885
-5.441332780553398,15.88840492035282,28.871745678605137,41.359958886013004
-3.8937574011865674,16.883759861061847,28.297612387080147,41.58933721859454
-4.962119789978998,17.71631609428325,29.364848576936605,42.573016796629624
-5.116914355993138,17.27231281595084,28.963195463011427,41.649559056167654
-4.5391399699439745,17.373862700468504,28.271406325475883,40.86230089008498
-2.925195799313837,17.046107011719727,29.06111673817107,39.83714991012835
-2.499760366619159,18.87895216227079,27.505476929833886,39.471946045066446
-4.590542076912164,18.396364164528087,27.636734876003604,39.339469392290354
-3.7354342661337117,19.661447269164928,26.28009560432348,37.64559723072679
-3.4168220725653726,18.245241848934523,25.795601219423208,38.76056522726123
-4.1730666250892146,18.537873140552286,23.64485520441041,36.936133329334304
-5.714837292833522,19.199901912200275,23.07641342391505,34.95237857988196
-5.15559966015025,19.480884760605537,22.23607573473358,35.83489025745519
-4.327871849306447,19.48791972186641,22.456125021539002,34.838056882061196
-3.4920368682323013,18.412272058203225,22.104071935759578,36.48146674192212
-2.8719443767143997,19.310888142388993,22.260822423073208,35.9542040573145
-0.6558777943433105,20.46751947589808,23.28025659486046,37.02861443044788
0.2737857488310146,20.812360458920157,23.93149740568941,36.9608482571651
0.9142599425000313,20.913368948854714,23.415252121101588,38.30059271776328
-0.23251152457600543,21.284710926968962,23.229916129934033,37.38372471525693
-0.38854025245631774,24.490592202051502,22.198957446213647,37.1862518342879
-0.6330052981643214,24.5205659024895,19.592597615166326,38.619060552041994
0.5998169914556323,23.391373347210237,18.252767665735185,38.770066763969965
0.7993441281638121,22.77619290605531,17.84507225450915,39.848787369394046
0.9196297935768385,24.961822727076715,17.814793817533378,41.4725917009687
-0.4739812425586625,25.38282002909884,16.622415190051573,40.72667405197508
1.3575386265924998,26.342127400809986,17.39648409393579,41.53314129815838
1.2936794551493025,25.903271909404666,17.39189076243312,42.90463598350136
1.4020159074496865,24.870798402667482,15.964034495636028,43.79446766567692
2.2613122286794702,23.142338485668187,16.96240667779303,44.35798763432159
1.4741972266247907,24.77327760765143,16.057335130402766,43.36388239693535
3.5263656446552587,25.18660617498893,17.39190510545745,43.23318790473436
5.167272769924898,24.591114436932656,17.039161592287453,44.01587689371895
7.332159463141599,23.64372170418049,18.11700536342844,42.41453313335137
7.168827041939288,23.845369012646827,16.753891988729002,42.95869073069248
7.052459656173779,24.853380322242387,17.874029437634814,42.73669893492403
7.164276637060129,25.279149042707907,18.41450502695692,40.97654583530216
7.512488395315153,24.916145350014986,18.476696162088132,41.00637867007796
7.914538319239975,23.97584662711528,19.265437909177702,40.828977548502664
7.972736456351013,24.391528253161127,19.124673212833006,40.7857042875641
7.819833840994604,23.13783294230164,19.494312696610017,40.399835926380455
7.912831748235321,24.324438888318063,18.65170177988081,38.92273132004968
6.704720585314418,23.526783173010383,19.806274658145313,40.03027153849051
6.287098861318402,23.909188413478486,19.95624480222222,41.256220861293734
6.342410013718938,24.632266946787738,20.653952474295433,41.70925231709301
5.908178114453795,26.847511971901387,20.271410804437235,41.36708553207349
6.110903828004254,26.30745160343197,19.002369929181288,40.686878377995114
6.091285853465357,25.58541104719798,18.37110545258413,40.15837625443381
6.435193551160166,26.244437582084863,18.109855322040833,41.10210726828618
8.124370588233845,24.554242999239598,18.51900995842763,42.417020324155885
8.10866503848587,24.58023109590318,18.17029792805441,42.90909672686002
9.17598052079127,23.50048549460974,19.513414403238002,44.66683083847998
10.199049776602585,24.453398779317478,20.392813345496563,43.62651395907232
10.559171551738617,23.63719172767513,19.651319762302222,42.868718655801665
8.585045182411744,24.58304462854915,18.838771620144676,43.51652525454912
6.151301790399886,22.852799137724244,19.162584336655645,44.60990541777579
7.038822853109884,22.226254871786868,19.459608520511484,44.649176065067905
7.757195821572504,23.359985993313632,18.853353408789186,43.91135785731689
6.036844169216408,23.20200972665558,20.211483291808573,45.898973713502365
6.408192686954709,23.102526008005473,19.95594056944955,46.403019695939825
5.304656722990313,23.951275950304268,20.461440496605928,45.71352788281928
6.782222545752366,24.668378509122075,19.759442923754623,45.4687761831676
6.433819653437529,25.254812101071852,19.02278955934541,46.327114920165464
5.915106498720508,24.732325210533546,16.926374927921557,46.80524988643382
5.543947454853007,23.25120422667817,16.758926570990646,46.71073754643717
5.279548023676285,24.677453017218518,16.391754678087302,47.36477088765076
4.184667257189872,25.77402319372442,17.367888283518614,45.557852489200975
5.094082109564079,26.75579150763777,17.611922594878173,45.10017864381036
5.1004515333506495,26.103890567414393,16.55967475977845,45.78950647477782
4.109649185852423,26.84640386715609,15.770034194237354,45.44976849095559
4.054102785085892,26.928871378497785,16.33535920724905,44.954428306307044
2.3931832924621386,24.433609941546045,16.163258941821056,43.91179784371758
3.7036561020912817,24.080557850133815,17.740232754638033,43.12000805218363
3.912625117938065,24.0110959650929,15.803334637451588,41.81787666563441
3.5622098608046486,24.751498158247955,15.239875244131527,41.54486916394551
3.4373646953570325,25.273225828100212,16.355288103458893,42.77949768700846
2.4159069967162834,24.716643227910552,19.14739879367707,43.66340745249399
2.1228462420928293,25.754960087850126,19.454880143427403,43.51779414761926
1.2930638506361365,26.147043366148257,20.899545760476553,41.160714575215884
2.0331550712640944,26.195008270987497,21.177016687131786,39.969692121584515
1.6188331712864756,23.863392067442383,21.117272091958853,39.64031790718166
2.9976835584434465,23.545992420273564,21.662415849487736,36.68986607691951
2.53607395255504,22.781011830412425,22.096547791753554,36.71000836863483
4.300791340671833,21.18243151770451,20.642315874670906,36.640612439123736
3.3069977207071206,20.3691372298975,21.025062309652714,35.858591251816414
4.106745055741731,18.966359170416382,20.97688249061943,36.07694885790921
4.410218921520752,18.14686517948442,20.398327649950367,36.326466750514314
4.563135742705959,18.352284310883956,20.972537703379746,35.86568478938598
5.375821371827194,17.633628341277372,20.943479268292915,35.28895607701831
6.020354454075502,17.508298932783728,20.772163470181987,35.774774038795016
7.796798204731379,17.851076846301954,20.155639027487364,35.09763002747326
8.585767663964784,17.799669730424203,18.529850820226528,34.22883450488432
7.437961781074264,17.56463785307328,18.672026179308254,32.6512298434162
5.959080857615194,18.329820088157536,18.799457719383156,31.74667019604518
6.750054221234242,20.339573304074342,18.988432640264595,31.594220916906217
7.637118629762354,20.705370097719,20.515107640969827,31.238051756692887
8.493584127560892,20.80407774403495,21.99590111845821,30.943562937547487
7.826090259950195,20.351251776501904,22.53327139577482,31.168711073386362
7.600004637300441,20.97406432475637,21.724735707458784,32.59130843021638
5.5015234130998305,21.590120069149595,22.233955683331498,33.34676289069888
6.282190065197992,22.17906663418096,20.822244258568293,34.17761440332579
5.532058844051814,22.308363445250553,20.452202849936064,35.98047649168501
5.190676178772383,22.09822037885258,19.849240147084483,34.41062209609634
7.02574452988476,21.88737478526255,19.18131214351143,33.78634119490665
7.775012030033202,20.775046249971254,19.769302840781908,34.3428407737552
5.096694327675456,22.455135408178187,19.823330434267703,34.310514667581735
4.6316814762102245,24.225786227943132,19.00917362216298,34.97391127953586
6.1523813892226205,23.255551260855984,20.12241720308432,34.6814073900047
4.461985213113563,21.915459275963148,20.685838598440217,36.792359875371794
5.36988464919884,21.766230866577406,20.651575321446824,36.4708974728863
4.4474268473042455,21.28443696116431,19.513569261137256,36.11483740336479
3.058058570828457,21.43702380666232,20.894288340269785,35.67475287610882
2.8088355844029365,21.20080022585386,22.324169792680404,37.070067694218956
2.9281121748879,20.222612387089676,22.71097890987931,35.43877069628739
3.5095838284281884,19.82735828339882,22.77006543913025,35.96408283782184
3.362397446834256,21.30389004059701,22.925280155271775,36.34782688811372
4.278466341402034,22.209416010838343,22.67227042490343,36.679573061455024
3.9394217405601757,22.09295420091423,22.7506420798359,36.426747601628186
4.608354979913964,19.395697909769765,23.475554706179423,36.44175911496991
3.7125685845863314,20.159843268832287,22.191574331742228,35.32424655393729
3.48023680653628,21.981178813913697,20.754276388353993,35.529002990583884
3.4385418993609225,19.596773675743982,20.048855905987335,35.79418276916563
3.021906477004517,19.582870704653747,21.138805186909057,36.36520295476304
2.254954154654278,18.46416855691411,20.77578222113603,34.84476654042437
0.7081384523051988,19.598705288725153,19.819560691747053,34.72560361231073
-0.15118224241056977,19.37564034799252,19.3644084748301,33.27230760618453
1.0208265177484785,19.11219235348865,19.544339893412147,32.98210978250098
1.1881216662757244,20.521357714469143,22.004741930435163,32.29965846402846
-0.9615867174048469,18.46703558139345,23.405688703023397,32.600025368642385
-1.6957013160951762,17.308407278213217,23.38716549093832,32.54677579814406
-1.9762345153673022,17.712788987878813,22.79116707265739,34.49952049075649
-1.1684253734422583,17.6038458729901,20.569691909986005,33.792542539684995
-0.5777201767851109,17.598734929128057,19.712446125832948,32.66550483169793
-0.14169159493459482,17.858709242963315,18.985452349998297,31.451649890099635
-1.580103647056685,18.185918414739422,20.4471070555578,30.855754149727293
-2.332113628183757,18.35657938701122,21.19815135269434,31.94128917015917
-1.7636229584495622,20.135850061251315,22.070278568422566,31.53913667908602
-0.481493175866029,21.745172491317504,22.682577917417493,31.20024864376536
-0.7679279960730145,22.65430921620881,23.56214626075338,31.721097891005154
-2.7238668650493585,21.394964166433684,25.59528847540111,31.65031534819743
-2.0961901748658334,19.919079573512274,23.892749270857998,34.402619736958975
-0.555238203882793,18.919408809961187,24.017394944751576,36.69161759454874
-2.0240525998839227,19.97700027124416,23.992421969352307,35.45289998761004
-3.2378126704385455,20.650696544023937,24.292008531342038,35.84277697484784
-3.7472862029617415,20.517022127823942,27.21020875918335,36.0075607542978
-2.983228846357444,19.15917147990415,26.983089970412262,35.22395080777155
-3.3776530304997405,18.4655627912986,27.848871272706646,33.3049355220138
-3.6743344329073926,16.901314438199396,28.289709283255434,33.52582974488175
-2.6856553186169903,17.35203047512114,28.172475588796793,34.93542719142268
-2.408500013877527,19.504915681381206,29.476558921580402,36.20334638814584
-1.9327753765965794,18.83090251155955,29.39768197429097,36.31749154359873
-0.8230462956557223,19.772581173811346,28.306008114644243,36.29267425688204
-1.518850295814874,19.174043429127114,29.019525107698172,35.900463090506896
-0.9516437503963628,19.550183387496663,28.93569208488044,35.58721608209426
-0.7232987460247363,18.958580464255412,26.328079587591752,37.30588297428427
0.769250971126589,20.402999663744154,25.074614096851615,37.928348439160175
0.4008875406030111,20.169048174139323,24.271917653094036,38.00541237944893
1.8039688141469612,18.656072599696245,24.07186471936086,39.51202142422635
1.0433621728499678,17.86137119356355,24.128326490407225,37.872176975983436
-0.05871311838781201,16.746663578566853,22.593870555013797,36.876104959314205
0.8329379252735202,15.97557747870925,22.532453022146925,35.792480087741765
-0.8931246592184329,16.336065055279345,24.012800594972642,34.50557093308812
-1.5415735140027462,16.66056729714959,23.071079882788116,35.29342089872363
-0.10387902176535602,17.77954279531312,22.682814603232337,35.50843365012393
-0.08454149241754329,17.73930902148462,21.0137559691165,35.97008213984114
-0.999869988565591,15.48258784207978,20.312853395412713,34.81135530311391
-1.5854566629021034,15.45576884814799,19.59805860013317,35.46344599240222
-0.40543392066040984,15.415286735217295,18.404699358245093,34.09134994128493
-1.4549249311955108,16.844196398987364,18.26580207735768,35.10924431355224
-0.9715268136639537,14.875913704324491,18.75626313317294,35.73743319274117
-2.2005075234667384,14.71838827010248,20.296451939191602,35.94216946902861
-1.2621130361259385,14.407893354662109,20.000368110952266,36.814188806228714
-0.09474343516520434,13.821058070503328,20.914252976274803,36.771337160098525
1.2382660356802084,13.481261570460884,20.7929809506797,36.9031333475337
0.8210422908370809,14.112744669155951,20.16647841719063,36.01955695233716
1.164957642271984,15.369534340514381,20.014818567470154,34.68357416025916
3.027079877325127,16.1309124661362,21.012373655330684,33.587816915540394
2.1282353266932925,16.32454335848859,19.51238769568999,33.77651695059218
1.9043614256869148,18.257581318013898,19.52146829409533,31.913361463478346
2.1221859229163362,16.823831597749784,19.498034878090607,32.18325473017135
2.145793331542073,17.229171010684524,21.76674932571928,32.42709460291129
3.2039782799385716,16.545031504484935,22.2389521672552,32.40235003269014
2.8068710207513594,15.099201168176098,20.59981349335118,31.405591772635837
0.9387851245757821,15.700744260110259,20.38810096592545,31.823042722008967
-0.23494858153864917,16.84315883034657,20.654232302183544,31.00525023481971
-0.08618968020816647,17.88237669365834,21.080021567082426,30.831977466037056
-1.9639238912687487,19.17075604754265,20.903922823031234,31.221429999274438
-0.7777060260383197,19.474055545052682,20.35274096272503,30.25719907143996
0.8459094085937113,19.130594956599516,21.004796746469328,29.716174256452327
1.315529914672662,18.982103864555512,20.710863644957858,28.459077295210736
2.357447801196507,19.45958327628351,19.943119698114728,27.727491669851158
-0.29344817745758967,18.193404635985424,18.57357713264469,25.900004168837018
-2.11335509850844,19.041422621142807,19.323696143373144,25.872509545261085
-2.598267635685895,19.641412650759314,18.92298535264909,26.67563842706278
-1.576563760659538,20.920530549119505,19.913162160305195,27.35314014234804
0.3113403869867213,22.115055872505987,21.63868816093259,27.18400262687004
-1.7705698447349243,21.534866288188244,22.008987484199498,28.62986422639592
-2.5631059968906666,20.65323214950463,23.73850052274531,29.068447022335608
-2.501117708302938,19.188078986101853,22.33642262975871,30.29521408576512
-1.4851118761699498,19.690140476405936,21.251074867052704,30.186252199239863
-1.1089053555492734,18.767233422441123,20.895380626364148,29.036732983405823
-1.6137203593986043,18.909466689400112,19.075885005152692,27.422659355406847
-1.7013849438243882,18.866084677539924,20.469707734681563,27.870871963585582
-2.2946537354531173,18.991928630104667,21.868560082202706,27.18828489997154
-3.480047899249228,18.34799431944976,23.587478463243396,27.02655578094555
-4.7466766643162135,18.951350435970323,23.85621854234453,26.043885965451267
-4.202756262276974,20.318572860895497,23.231724477620638,26.255759257467847
-2.56645493971444,19.18231858500231,21.91770018131882,25.470960114351875
-2.4335014948626,18.27925494309253,22.421589892218975,26.070965105828957
-2.93131943468656,17.884754402891957,24.040953300082194,25.880080064199042
-3.162902936555379,17.846814963941615,23.271753052027734,26.336607858125753
-3.3315028673900837,17.952923904288543,24.202010769336542,25.776908963349133
-3.5076196791837493,17.34489780527584,24.075881637954044,25.058743040043286
-4.039984612515496,18.52958826324431,24.17766502991648,26.12868538740378
-2.1516766444675333,18.99714389988088,23.102899300253267,26.60260069679238
-1.5800132728030243,19.18206545724804,22.706596281293432,27.708091142908003
-0.973190946493898,18.662920033899077,22.052356376213396,27.56730461174988
-1.4723862149135232,17.509066770341967,22.844882592486737,27.427083515060616
-1.7917463391606412,17.544424648522778,23.708126832864515,27.240107593648084
-0.6904218770328658,16.8635882529242,23.93848166419575,26.94751224551475
-1.3437868262998083,16.973647941342215,23.30013558323078,26.667665619864838
-2.8444004645319536,18.43823033952152,23.74728065962754,26.313334399181475
-3.6738450021371314,19.494779263267027,22.53357258802162,24.9177987200979
-3.965636991590013,19.976609440449273,21.743056811888156,24.649251861672735
-3.2663692951926073,21.35133401850497,22.09323705240148,22.80145282550232
-5.221022350755784,21.313200568594695,21.197686359619855,23.35262970228423
-7.898957185048102,21.212093690581742,19.553980953848775,21.940728152734724
-5.974269209326033,22.494409045067762,19.91929032643667,21.127665257881436
-5.480830552440635,20.972970265905,19.576676406258432,20.102650987579597
-5.571302418325502,21.150031759593073,20.388583932218143,19.18916498536059
-6.151295674873128,21.702057151561522,20.122480173936395,20.552429146440232
-6.014760652953795,23.569565766577846,19.565699992831256,20.063350071590772
-6.0180443568099244,23.75864691821956,19.47048925301311,20.69536532790381
-6.711444945226319,23.36227538038471,20.38766611439243,19.86586434164155
-6.859872634004747,23.805301812618538,18.950577947090114,19.855709066792702
-6.925308562518869,23.193568306990066,20.07922642783074,17.20269895593615
-8.133554887646723,23.06867408861537,21.493164792324247,16.064425473300766
-7.361466596997371,22.900500399866562,21.08293485653225,16.368600892758803
-6.464952179515403,24.72398268644227,22.870077638919362,15.444606173025344
-4.977308403337467,25.674285074515915,23.111025532063437,15.863741977474637
-6.0181221291746505,25.41808976775703,24.27635944086115,15.977564277851707
-4.590063866132883,26.398146313165302,23.589815007482237,14.992785772602383
-3.235235037834129,24.93708387054324,23.704833432502287,15.596543953257086
-3.64561298986711,24.63610329648715,25.176866830044936,17.31280161296697
-3.4797963580490743,22.844571219928376,26.786288876144013,18.97416703749285
-3.252978790610038,22.359710720041846,27.027684162228393,20.94542426862627
-2.994340786314205,22.24116394391011,26.179319434838412,20.109194946751195
-1.6758706979555678,22.90043991574573,26.017472570032282,19.387314689449884
-1.879341108089836,21.917291168969502,25.389517809561834,19.613533324025934
-0.6712109806772442,23.52178887474312,25.385672286364137,18.84149197482546
-0.3968877173887447,22.70978468212191,26.275095233595785,19.45205317439262
-0.05756322349866677,24.600878836554546,27.310167196904885,18.956777623476608
0.985043051071621,22.863230254336095,27.750765275651595,19.392993110545717
2.8026358302130756,22.412590741593995,29.53733450978548,20.25968001439237
1.6858161228564963,22.33980595248534,27.85300959636328,18.405692976222948
1.4468115156311219,22.823017602741526,29.33217585556748,18.715147378032682
1.2124325816787007,22.990101041312375,28.73633963976929,18.648909921475436
1.1507264055521673,23.717217735686166,28.777593610954145,18.16023843213644
0.3035879352132401,24.34091347771006,30.087095929212538,17.34785275685251
0.5693127807936575,24.782639445234253,30.118523467425835,17.32438775489693
0.22708703455302165,26.015414943494022,30.018725738313606,14.400587380535722
0.6237664395944779,28.314313763446307,28.876113079135997,14.944446064355297
0.7343542078418359,29.491047067191747,30.048792466463865,14.447375270996142
0.5439824601115449,29.456155762752584,29.28647202629203,15.966837659690954
0.4087762645644174,28.02021799313517,28.783765641438464,15.57611712708306
-0.5370064404357514,28.404024163714727,27.833026456328945,14.482286983350633
-0.6101164792281356,28.962078882792436,27.838006475399855,13.254310573334621
0.48243400102332534,31.758729377141485,27.095217307885324,13.701662076394273
0.6462924167632368,31.95331670994933,28.163483257075868,13.669610116808961
0.6703213022128146,32.01153380388934,26.64047694027958,15.046868441214086
0.14427651585540135,33.271445750598666,28.308990701908446,13.7284884851425
-1.3103846180337542,33.982494932404435,28.392366384070044,13.078015850283682
-0.6372279254999106,34.22180241983483,29.453121796857854,14.512351640299391
-1.400803516217471,33.943915017149976,29.9993082883352,13.008536682685222
-2.4743421790581577,35.359224922316464,29.344659387848928,14.691401170972911
-2.0785635399769156,33.08229148487261,29.885660944057904,15.705321782246747
-3.2660936696719505,34.812878253110306,31.98384416338072,15.017290818460136
-4.644267648584649,36.00659290703079,30.804981793425405,14.955734493538682
-4.0683624397851315,35.847551557035004,32.10183867715032,15.518607471158612
-2.920319764878147,37.141297568526554,34.330601135125036,15.038257711162913
-2.314690655973832,38.40705714351684,33.24583197525222,16.79285730841071
-1.8097369620684844,37.99614172655392,33.83884477561358,17.393885749113558
-2.6998753366667096,36.64200662311253,34.453767665540276,17.699076269246024
-2.636082163190799,35.84288740208962,33.86647188312707,17.917655133131323
-3.620977848482669,35.16679671743056,33.72570360338639,18.138885548787414
-5.118962293050293,36.97464043945629,35.25722710036084,19.823202209988615
-5.4034631161245,35.701251030848105,34.99027247921749,18.921969101511124
-5.230484792700654,35.28902882203675,33.427174006436374,20.12689264806578
-5.796942168778118,34.747799873746686,33.09137898134975,21.1264602100328
-6.956611906097613,33.752173780194695,33.41844577905786,20.71641758847823
-7.651508549416494,33.743129724820065,32.69322175594049,21.308346209551523
-7.1431394764908305,33.38938755987707,32.722839959113614,22.84966233998904
-7.1335360551003815,32.83920116216623,31.088789025294414,21.956469682022654
-8.419737827821404,32.88117757267458,31.235118975346026,22.17021409003911
-8.274403669111315,32.453562972558274,31.50608571281181,20.140599254684048
-10.478395214452403,32.51155199188034,32.73835325610843,20.787415854731726
-10.635845320803705,30.18592958213181,33.23632573698583,21.511941560592035
-10.362012648153067,30.367558631415438,32.1560115018702,20.10128749071572
-10.719909128198442,30.812236603512815,33.82610700878642,20.41896148219305
-12.270139059782933,30.27506146919848,33.51936044189768,19.81101565564765
-10.671214038069543,32.60938946501728,33.24272963924512,20.47433791881758
-11.047381793956626,32.36615214654442,33.062090662159164,22.09104192115938
-11.036699521043639,31.214439379967935,34.35467120573178,23.864959845183957
-12.03671853000472,31.41300599948153,33.319563604445335,23.634013652138847
-12.400106018399956,33.425278524997395,32.363987743227646,23.371502222517627
-11.850724159714995,32.32555927228426,32.64563247466607,22.68385827219324
-11.430525629069557,31.459806718379593,32.36682920075105,23.792310511920075
-10.99757889852181,31.96396831477604,32.89121064961827,26.12738899487073
-8.324009729574723,30.73217014534835,32.677335818658506,25.36108024490165
-8.89397148718725,29.93352665847644,32.75583405490726,23.41859646957818
-10.869524121248581,30.328462412779785,32.43320737942562,23.01615829150617
-11.025844836965367,28.771975585850008,32.02895328933201,23.56318333358993
-10.63217740298593,29.09613339903638,30.486827266320432,20.934721844148775
-10.704846325633023,29.763874097840812,30.762115609465635,23.391536215140576
-11.510976940625987,30.687155130888158,29.52240220747259,25.08452533427484
